Ticker,Name
BTCQ.TO,3iQ Bitcoin ETF
ETHQ.TO,3iQ Ether Staking ETF
VNP.TO,5N Plus Inc.
AAB.TO,Aberdeen International Inc.
FAP.TO,abrdn Asia-Pacific Income Fund VCC
ADN.TO,Acadian Timber Corp.
HDGE.TO,Accelerate Absolute Return Fund
ARB.TO,Accelerate Arbitrage Fund
ATSX.TO,Accelerate Canadian Long Short Equity Fund
ONEC.TO,Accelerate OneChoice Alternative Portfolio ETF
ACD.TO,Accord Financial Corp.
ARA.TO,Aclara Resources Inc.
ADCO.TO,Adcore Inc.
ADEN.TO,ADENTRA Inc.
DRX.TO,ADF Group Inc.
AAV.TO,Advantage Energy Ltd.
ARE.TO,Aecon Group Inc.
AEG.TO,Aegis Brands Inc.
AEZS.TO,AEterna Zentaris Inc.
AOI.TO,Africa Oil Corp.
AFN.TO,Ag Growth International Inc.
QCD.TO,AGF Systematic Canadian Equity ETF
QEM.TO,AGF Systematic Emerging Markets Equity ETF
QIE.TO,AGF Systematic International Equity ETF
QUS.TO,AGF Systematic US Equity ETF
QBTL.TO,AGF US Market Neutral Anti-Beta CAD-Hedged ETF
AEM.TO,Agnico Eagle Mines Limited
AIM.TO,Aimia Inc.
AC.TO,Air Canada
BOS.TO,AirBoss of America Corp.
AGI.TO,Alamos Gold Inc.
ALC.TO,Algoma Central Corporation
ASTL.TO,Algoma Steel Group Inc.
AQN.TO,Algonquin Power & Utilities Corp.
ATD.TO,Alimentation Couche-Tard Inc.
ALYA.TO,Alithya Group inc.
AAUC.TO,Allied Gold Corporation
AMM.TO,Almaden Minerals Ltd.
AII.TO,Almonty Industries Inc.
ATCU.TO,Alta Copper Corp.
ALA.TO,AltaGas Ltd.
ALS.TO,Altius Minerals Corporation
ARR.TO,Altius Renewable Royalties Corp.
AIF.TO,Altus Group Limited
USA.TO,Americas Gold and Silver Corporation
ARG.TO,Amerigo Resources Ltd.
ANRG.TO,Anaergia Inc.
AND.TO,Andlauer Healthcare Group Inc.
ATE.TO,Antibe Therapeutics Inc.
APLI.TO,Appili Therapeutics Inc.
APS.TO,Aptose Biosciences Inc.
ARX.TO,ARC Resources Ltd.
AR.TO,Argonaut Gold Inc.
ARIS.TO,Aris Mining Corporation
ATZ.TO,Aritzia Inc.
AMC.TO,Arizona Metals Corp.
ASCU.TO,Arizona Sonoran Copper Company Inc.
ADIV.TO,Arrow EC Equity Advantage Alternative Fund
RATE.TO,Arrow EC Income Advantage Alternative Fund
ACAA.TO,Arrow Long/Short Alternative Class
ASND.TO,Ascendant Resources Inc.
AOT.TO,Ascot Resources Ltd.
ATH.TO,Athabasca Oil Corporation
AI.TO,Atrium Mortgage Investment Corporation
ATS.TO,ATS Corporation
G.TO,Augusta Gold Corp.
ORA.TO,Aura Minerals Inc.
ACB.TO,Aurora Cannabis Inc.
ACQ.TO,AutoCanada Inc.
XLY.TO,Auxly Cannabis Group Inc.
AVL.TO,Avalon Advanced Materials Inc.
AVNT.TO,Avant Brands Inc.
AVCN.TO,Avicanna Inc.
ASM.TO,Avino Silver & Gold Mines Ltd.
AXIS.TO,Axis Auto Finance Inc.
AYA.TO,Aya Gold & Silver Inc.
BTO.TO,B2Gold Corp.
BDGI.TO,Badger Infrastructure Solutions Ltd.
BLDP.TO,Ballard Power Systems Inc.
BMO.TO,Bank of Montreal
BNS.TO,Bank of Nova Scotia (The)
ABX.TO,Barrick Gold Corporation
BLCO.TO,Bausch + Lomb Corporation
BHC.TO,Bausch Health Companies Inc.
BYL.TO,Baylin Technologies Inc.
BTE.TO,Baytex Energy Corp.
BCE.TO,BCE Inc.
BSX.TO,Belo Sun Mining Corp.
BNG.TO,Bengal Energy Ltd.
HGD.TO,BetaPro Canadian Gold Miners -2x Daily Bear ETF
HGU.TO,BetaPro Canadian Gold Miners 2x Daily Bull ETF
HOD.TO,BetaPro Crude Oil Inverse Leveraged Daily Bear ETF
HOU.TO,BetaPro Crude Oil Leveraged Daily Bull ETF
HBKD.TO,BetaPro Equal Weight Canadian Bank -2x Daily Bear ETF
HBKU.TO,BetaPro Equal Weight Canadian Bank 2x Daily Bull ETF
HRED.TO,BetaPro Equal Weight Canadian REIT -2x Daily Bear ETF
HREU.TO,BetaPro Equal Weight Canadian REIT 2x Daily Bull ETF
HBD.TO,BetaPro Gold Bullion -2x Daily Bear ETF
HBU.TO,BetaPro Gold Bullion 2x Daily Bull ETF
BITI.TO,BetaPro Inverse Bitcoin ETF
HQD.TO,BetaPro NASDAQ-100 -2x Daily Bear ETF
HQU.TO,BetaPro NASDAQ-100 2x Daily Bull ETF
HND.TO,BetaPro Natural Gas Inverse Leveraged Daily Bear ETF
HNU.TO,BetaPro Natural Gas Leveraged Daily Bull ETF
HSD.TO,BetaPro S&P 500 -2x Daily Bear ETF
HSU.TO,BetaPro S&P 500 2x Daily Bull ETF
HIU.TO,BetaPro S&P 500 Daily Inverse ETF
HUV.TO,BetaPro S&P 500 VIX Short-Term Futures ETF
HXD.TO,BetaPro S&P/TSX 60 -2x Daily Bear ETF
HXU.TO,BetaPro S&P/TSX 60 2x Daily Bull ETF
HIX.TO,BetaPro S&P/TSX 60 Daily Inverse ETF
HED.TO,BetaPro S&P/TSX Capped Energy -2x Daily Bear ETF
HEU.TO,BetaPro S&P/TSX Capped Energy 2x Daily Bull ETF
HFD.TO,BetaPro S&P/TSX Capped Financials -2x Daily Bear ETF
HFU.TO,BetaPro S&P/TSX Capped Financials 2x Daily Bull ETF
HZD.TO,BetaPro Silver -2x Daily Bear ETF
HZU.TO,BetaPro Silver 2x Daily Bull ETF
BNK.TO,Big Banc Split Corp.
PRM.TO,Big Pharma Split Corp.
BR.TO,Big Rock Brewery Inc.
BIR.TO,Birchcliff Energy Ltd.
BDT.TO,Bird Construction Inc.
EBIT.TO,Bitcoin ETF
QBTC.TO,"Bitcoin Fund, The"
BITF.TO,Bitfarms Ltd.
BDI.TO,Black Diamond Group Limited
BKI.TO,Black Iron Inc.
BB.TO,BlackBerry Limited
BLN.TO,Blackline Safety Corp.
HBLK.TO,Blockchain Technologies ETF
ZAG.TO,BMO Aggregate Bond Index ETF
ZEQT.TO,BMO All-Equity ETF
ARKG.TO,BMO ARK Genomic Revolution Fund
ARKK.TO,BMO ARK Innovation Fund
ARKW.TO,BMO ARK Next Generation Internet Fund
ZESG.TO,BMO Balanced ESG ETF
ZBAL.TO,BMO Balanced ETF
ZBBB.TO,BMO BBB Corporate Bond Index ETF
TOWR.TO,BMO Brookfield Global Real Estate Tech Fund
GRNI.TO,BMO Brookfield Global Renewables Infrastructure Fund
ZBI.TO,BMO Canadian Bank Income Index ETF
ZDV.TO,BMO Canadian Dividend ETF
ZWC.TO,BMO Canadian High Dividend Covered Call ETF
ZMBS.TO,BMO Canadian MBS Index ETF
ZCLN.TO,BMO Clean Energy Index ETF
ZCON.TO,BMO Conservative ETF
ZCPB.TO,BMO Core Plus Bond Fund
ZCB.TO,BMO Corporate Bond Index ETF
ZCDB.TO,BMO Corporate Discount Bond ETF
ZWB.TO,BMO Covered Call Canadian Banks ETF
ZWA.TO,BMO Covered Call Dow Jones Industrial Average Hedged to CAD ETF
ZWEN.TO,BMO Covered Call Energy ETF
ZWHC.TO,BMO Covered Call Health Care ETF
ZWT.TO,BMO Covered Call Technology ETF
ZWK.TO,BMO Covered Call US Banks ETF
ZWU.TO,BMO Covered Call Utilities ETF
ZDB.TO,BMO Discount Bond Index ETF
ZDJ.TO,BMO Dow Jones Industrial Average Hedged to CAD Index ETF
ZEF.TO,BMO Emerging Markets Bond Hedged to CAD Index ETF
ZEB.TO,BMO Equal Weight Banks Index ETF
ZMT.TO,BMO Equal Weight Global Base Metals Hedged to CAD Index ETF
ZGD.TO,BMO Equal Weight Global Gold Index ETF
ZIN.TO,BMO Equal Weight Industrials Index ETF
ZEO.TO,BMO Equal Weight Oil & Gas Index ETF
ZRE.TO,BMO Equal Weight REITs Index ETF
ZUB.TO,BMO Equal Weight US Banks Hedged to CAD Index ETF
ZBK.TO,BMO Equal Weight US Banks Index ETF
ZUH.TO,BMO Equal Weight US Health Care Hedged to CAD Index ETF
ZHU.TO,BMO Equal Weight US Health Care Index ETF
ZUT.TO,BMO Equal Weight Utilities Index ETF
ESGB.TO,BMO ESG Corporate Bond Index ETF
ESGH.TO,BMO ESG High Yield US Corporate Bond Index ETF
ESGF.TO,BMO ESG US Corporate Bond Hedged to CAD Index ETF
ZWP.TO,BMO Europe High Dividend Covered Call ETF
ZWE.TO,BMO Europe High Dividend Covered Call Hedged to CAD ETF
ZFH.TO,BMO Floating Rate High Yield ETF
ZEAT.TO,BMO Global Agriculture ETF
COMM.TO,BMO Global Communications Index ETF
DISC.TO,BMO Global Consumer Discretionary Hedged to CAD Index ETF
STPL.TO,BMO Global Consumer Staples Hedged to CAD Index ETF
ZWQT.TO,BMO Global Enhanced Income Fund
ZWG.TO,BMO Global High Dividend Covered Call ETF
ZGI.TO,BMO Global Infrastructure Index ETF
ZGSB.TO,BMO Global Strategic Bond Fund
ZGLD.TO,BMO Gold Bullion ETF
ZGLH.TO,BMO Gold Bullion Hedged to CAD ETF
ZGB.TO,BMO Government Bond Index ETF
ZGRO.TO,BMO Growth ETF
ZQB.TO,BMO High Quality Corporate Bond Index ETF
ZHY.TO,BMO High Yield US Corporate Bond Hedged to CAD Index ETF
ZJK.TO,BMO High Yield US Corporate Bond Index ETF
ZDI.TO,BMO International Dividend ETF
ZDH.TO,BMO International Dividend Hedged to CAD ETF
ZJPN.TO,BMO Japan Index ETF
ZJG.TO,BMO Junior Gold Index ETF
ZPR.TO,BMO Laddered Preferred Share Index ETF
ZLC.TO,BMO Long Corporate Bond Index ETF
ZFL.TO,BMO Long Federal Bond Index ETF
ZPL.TO,BMO Long Provincial Bond Index ETF
ZLSC.TO,BMO Long Short Canadian Equity ETF
ZLSU.TO,BMO Long Short US Equity ETF
ZLB.TO,BMO Low Volatility Canadian Equity ETF
ZLE.TO,BMO Low Volatility Emerging Markets Equity ETF
ZLI.TO,BMO Low Volatility International Equity ETF
ZLD.TO,BMO Low Volatility International Equity Hedged to CAD ETF
ZLU.TO,BMO Low Volatility US Equity ETF
ZLH.TO,BMO Low Volatility US Equity Hedged to CAD ETF
ZCM.TO,BMO Mid Corporate Bond Index ETF
ZFM.TO,BMO Mid Federal Bond Index ETF
ZMP.TO,BMO Mid Provincial Bond Index ETF
ZMU.TO,BMO Mid-Term US IG Corporate Bond Hedged to CAD Index ETF
ZIC.TO,BMO Mid-Term US IG Corporate Bond Index ETF
ZMMK.TO,BMO Money Market Fund
ZMI.TO,BMO Monthly Income ETF
ZGRN.TO,BMO MSCI ACWI Paris Aligned Climate Equity Index ETF
ZGQ.TO,BMO MSCI All Country World High Quality Index ETF
ESGA.TO,BMO MSCI Canada ESG Leaders Index ETF
ZVC.TO,BMO MSCI Canada Value Index ETF
ZCH.TO,BMO MSCI China ESG Leaders Index ETF
ESGE.TO,BMO MSCI EAFE ESG Leaders Index ETF
ZDM.TO,BMO MSCI EAFE Hedged to CAD Index ETF
ZEA.TO,BMO MSCI EAFE Index ETF
ZEM.TO,BMO MSCI Emerging Markets Index ETF
ZEQ.TO,BMO MSCI Europe High Quality Hedged to CAD Index ETF
ESGG.TO,BMO MSCI Global ESG Leaders Index ETF
ZID.TO,BMO MSCI India ESG Leaders Index ETF
ESGY.TO,BMO MSCI USA ESG Leaders Index ETF
ZUQ.TO,BMO MSCI USA High Quality Index ETF
ZVU.TO,BMO MSCI USA Value Index ETF
ZQQ.TO,BMO Nasdaq 100 Equity Hedged To CAD Index ETF
ZNQ.TO,BMO Nasdaq 100 Equity Index ETF
ZPAY.TO,BMO Premium Yield ETF
ZRR.TO,BMO Real Return Bond Index ETF
ZUE.TO,BMO S&P 500 Hedged to CAD Index ETF
ZSP.TO,BMO S&P 500 Index ETF
ZMID.TO,BMO S&P US Mid Cap Index ETF
ZSML.TO,BMO S&P US Small Cap Index ETF
ZIU.TO,BMO S&P/TSX 60 Index ETF
ZCN.TO,BMO S&P/TSX Capped Composite Index ETF
ZCS.TO,BMO Short Corporate Bond Index ETF
ZFS.TO,BMO Short Federal Bond Index ETF
ZPS.TO,BMO Short Provincial Bond Index ETF
ZSB.TO,BMO Short-Term Bond Index ETF
ZSDB.TO,BMO Short-Term Discount Bond ETF
ZSU.TO,BMO Short-Term US IG Corporate Bond Hedged to CAD Index ETF
ZTIP.TO,BMO Short-Term US TIPS Index ETF
ZFC.TO,BMO SIA Focused Canadian Equity Fund
ZFN.TO,BMO SIA Focused North American Equity Fund
ZMSB.TO,BMO Sustainable Global Multi-Sector Bond Fund
ZZZD.TO,BMO Tactical Dividend ETF Fund
ZACE.TO,BMO U.S. All Cap Equity Fund
ZUGE.TO,BMO U.S. Equity Growth MFR Fund
ZUVE.TO,BMO U.S. Equity Value MFR Fund
ZST.TO,BMO Ultra Short-Term Bond ETF
ZUAG.TO,BMO US Aggregate Bond Index ETF
ZDY.TO,BMO US Dividend ETF
ZUD.TO,BMO US Dividend Hedged to CAD ETF
ZWH.TO,BMO US High Dividend Covered Call ETF
ZWS.TO,BMO US High Dividend Covered Call Hedged to CAD ETF
ZHP.TO,BMO US Preferred Share Hedged to CAD Index ETF
ZUP.TO,BMO US Preferred Share Index ETF
ZPW.TO,BMO US Put Write ETF
ZPH.TO,BMO US Put Write Hedged to CAD ETF
TIPS.TO,BMO US TIPS Index ETF
ZUCM.TO,BMO USD Cash Management ETF
WOMN.TO,BMO Women in Leadership Fund
GBT.TO,BMTC Group Inc.
BRMI.TO,Boat Rocker Media Inc.
BNE.TO,Bonterra Energy Corp.
BLX.TO,Boralex Inc.
BYD.TO,Boyd Group Services Inc.
BRAG.TO,Bragg Gaming Group Inc.
BRY.TO,Bri-Chem Corp.
BCT.TO,BriaCell Therapeutics Corp.
BRE.TO,Bridgemarq Real Estate Services Inc.
BGC.TO,Bristol Gate Concentrated Canadian Equity ETF
BGU.TO,Bristol Gate Concentrated US Equity ETF
ESP.TO,Brompton Energy Split Corp.
BMAX.TO,Brompton Enhanced Multi-Asset Income ETF
EDGF.TO,Brompton European Dividend Growth ETF
BEPR.TO,Brompton Flaherty & Crumrine Enhanced Investment Grade Preferred ETF
BPRF.TO,Brompton Flaherty & Crumrine Investment Grade Preferred ETF
BDIV.TO,Brompton Global Dividend Growth ETF
HIG.TO,Brompton Global Healthcare Income & Growth ETF
LCS.TO,Brompton Lifeco Split Corp.
BFIN.TO,Brompton North American Financials Dividend ETF
BLOV.TO,Brompton North American Low Volatility Dividend ETF
SBC.TO,Brompton Split Banc Corp.
SPLT.TO,Brompton Split Corp. Preferred Share ETF
BREA.TO,Brompton Sustainable Real Assets Dividend ETF
TLF.TO,Brompton Tech Leaders Income ETF
BAM.TO,Brookfield Asset Management Ltd.
BBUC.TO,Brookfield Business Corporation
BN.TO,Brookfield Corporation
BIPC.TO,Brookfield Infrastructure Corporation
BNRE.TO,Brookfield Reinsurance Ltd.
BEPC.TO,Brookfield Renewable Corporation
DOO.TO,BRP Inc.
BUI.TO,Buhler Industries Inc.
BU.TO,Burcon Nutrascience Corporation
CAE.TO,CAE Inc.
CWL.TO,Caldwell Partners International Inc. (The)
UDA.TO,Caldwell U.S. Dividend Advantage Fund
CFW.TO,Calfrac Well Services Ltd.
CGY.TO,Calian Group Ltd.
CXB.TO,Calibre Mining Corp.
CCO.TO,Cameco Corporation
CF.TO,Canaccord Genuity Group Inc.
CNE.TO,Canacol Energy Ltd.
GOOS.TO,Canada Goose Holdings Inc.
BK.TO,Canadian Banc Corp.
CGI.TO,"Canadian General Investments, Limited"
CM.TO,Canadian Imperial Bank Of Commerce
NPS.TO,Canadian Large Cap Leaders Split Corp.
LFE.TO,Canadian Life Companies Split Corp.
CNR.TO,Canadian National Railway Company
CNQ.TO,Canadian Natural Resources Limited
CP.TO,Canadian Pacific Kansas City Limited
CTC.TO,"Canadian Tire Corporation, Limited"
CU.TO,Canadian Utilities Limited
CWB.TO,Canadian Western Bank
CCM.TO,Canagold Resources Ltd.
CFP.TO,Canfor Corporation
CFX.TO,Canfor Pulp Products Inc.
ICE.TO,Canlan Ice Sports Corp.
WEED.TO,Canopy Growth Corporation
CPX.TO,Capital Power Corporation
CS.TO,Capstone Copper Corp.
CJ.TO,Cardinal Energy Ltd.
CRDL.TO,Cardiol Therapeutics Inc.
CRRX.TO,CareRx Corporation
CJT.TO,Cargojet Inc.
CAS.TO,Cascades Inc.
CET.TO,Cathedral Energy Services Ltd.
CLS.TO,Celestica Inc.
CVE.TO,Cenovus Energy Inc.
CEE.TO,Centamin plc
CG.TO,Centerra Gold Inc.
CNT.TO,Century Global Commodities Corporation
CRP.TO,Ceres Global Ag Corp.
CEU.TO,CES Energy Solutions Corp.
CIA.TO,Champion Iron Limited
CWEB.TO,"Charlotte's Web Holdings, Inc."
CHW.TO,Chesswood Group Limited
CGG.TO,China Gold International Resources Corp. Ltd.
CHR.TO,Chorus Aviation Inc.
BXF.TO,CI 1-5 Year Laddered Government Strip Bond Index ETF
CMDO.TO,CI Alternative Diversified Opportunities Fund
CRED.TO,CI Alternative Investment Grade Credit Fund
CNAO.TO,CI Alternative North American Opportunities Fund
CCOM.TO,CI Auspice Broad Commodity Fund
CBAL.TO,CI Balanced Asset Allocation ETF
CBGR.TO,CI Balanced Growth Asset Allocation ETF
CBIN.TO,CI Balanced Income Asset Allocation ETF
CDNA.TO,CI Bio-Revolution Index ETF
CIC.TO,CI Canadian Banks Covered Call Income Class ETF
CXF.TO,CI Canadian Convertible Bond ETF
RIT.TO,CI Canadian REIT ETF
CCNV.TO,CI Conservative Asset Allocation ETF
CBUG.TO,CI Digital Security Index ETF
CCOR.TO,CI DoubleLine Core Plus Fixed Income US$ Fund
CINC.TO,CI DoubleLine Income US$ Fund
CDLB.TO,CI DoubleLine Total Return Bond US$ Fund
CIEM.TO,CI Emerging Markets Alpha ETF
NXF.TO,CI Energy Giants Covered Call ETF
FGO.TO,CI Enhanced Government Bond ETF
FSB.TO,CI Enhanced Short Duration Bond Fund
CEQT.TO,CI Equity Asset Allocation ETF
CIX.TO,CI Financial Corp.
CFRT.TO,CI Floating Rate Income Fund
CBCX.TO,CI Galaxy Blockchain Index ETF
CMVX.TO,CI Galaxy Metaverse Index ETF
CINV.TO,CI Global Alpha Innovation ETF
CGAA.TO,CI Global Asset Allocation Private Pool
CLML.TO,CI Global Climate Leaders Fund
FSF.TO,CI Global Financial Sector ETF
CGRB.TO,CI Global Green Bond Fund
CGHY.TO,CI Global High Yield Credit Private Pool
CINF.TO,CI Global Infrastructure Private Pool
CGIN.TO,CI Global Investment Grade ETF
LONG.TO,CI Global Longevity Economy Fund
CGDV.TO,CI Global Minimum Downside Volatility Index ETF
CGRA.TO,CI Global Real Asset Private Pool
CGRE.TO,CI Global REIT Private Pool
CGRN.TO,CI Global Sustainable Infrastructure Fund
VALT.TO,CI Gold Bullion Fund
CGXF.TO,CI Gold+ Giants Covered Call ETF
CGRO.TO,CI Growth Asset Allocation ETF
FHI.TO,CI Health Care Giants Covered Call ETF
CSAV.TO,CI High Interest Savings ETF
FIG.TO,CI Investment Grade Bond ETF
CMAR.TO,CI Marret Alternative Absolute Return Bond Fund
CMEY.TO,CI Marret Alternative Enhanced Yield Fund
CMNY.TO,CI Money Market ETF
WXM.TO,CI Morningstar Canada Momentum Index ETF
FXM.TO,CI Morningstar Canada Value Index ETF
ZXM.TO,CI Morningstar International Momentum Index ETF
VXM.TO,CI Morningstar International Value Index ETF
QXM.TO,CI Morningstar National Bank Québec Index ETF
YXM.TO,CI Morningstar US Momentum Index ETF
XXM.TO,CI Morningstar US Value Index ETF
FQC.TO,CI MSCI Canada Quality Index Class ETF
CMAG.TO,CI Munro Alternative Global Growth Fund
CMGG.TO,CI Munro Global Growth Equity Fund
ONEQ.TO,CI ONE Global Equity ETF
ONEB.TO,CI ONE North American Core Plus Bond ETF
FPR.TO,CI Preferred Share ETF
FGB.TO,CI Short Term Government Bond Index Class ETF
TXF.TO,CI Tech Giants Covered Call ETF
FLI.TO,CI U.S. & Canada Lifeco Covered Call ETF
CMOM.TO,CI U.S. Enhanced Momentum Index ETF
CVLU.TO,CI U.S. Enhanced Value Index ETF
CUDV.TO,CI U.S. Minimum Downside Volatility Index ETF
SID.TO,CI U.S. Trendleaders Index ETF
CUTL.TO,CI Utilities Giants Covered Call ETF
DGRC.TO,CI WisdomTree Canada Quality Dividend Growth Index ETF
EHE.TO,CI WisdomTree Europe Hedged Equity Index ETF
IQD.TO,CI WisdomTree International Quality Dividend Growth Index ETF
DQI.TO,CI WisdomTree International Quality Dividend Growth Variably Hedged Index ETF
JAPN.TO,CI WisdomTree Japan Equity Index ETF
UMI.TO,CI WisdomTree U.S. MidCap Dividend Index ETF
DGR.TO,CI WisdomTree U.S. Quality Dividend Growth Index ETF
DQD.TO,CI WisdomTree U.S. Quality Dividend Growth Variably Hedged Index ETF
CAGG.TO,CI Yield Enhanced Canada Aggregate Bond Index ETF
CAGS.TO,CI Yield Enhanced Canada Short-Term Aggregate Bond Index ETF
CACB.TO,CIBC Active Investment Grade Corporate Bond ETF
CAFR.TO,CIBC Active Investment Grade Floating Rate Bond ETF
CCBI.TO,CIBC Canadian Bond Index ETF
CCEI.TO,CIBC Canadian Equity Index ETF
CSBI.TO,CIBC Canadian Short-Term Bond Index ETF
CCNS.TO,CIBC Conservative Fixed Income Pool
CCRE.TO,CIBC Core Fixed Income Pool
CPLS.TO,CIBC Core Plus Fixed Income Pool
CEMI.TO,CIBC Emerging Markets Equity Index ETF
CFLX.TO,CIBC Flexible Yield ETF (CAD-Hedged)
CGBI.TO,CIBC Global Bond ex-Canada Index ETF (CAD-Hedged)
CGLO.TO,CIBC Global Growth ETF
CINT.TO,CIBC International Equity ETF
CIEI.TO,CIBC International Equity Index ETF
CIEH.TO,CIBC International Equity Index ETF (CAD-Hedged)
CUEI.TO,CIBC U.S. Equity Index ETF
CUEH.TO,CIBC U.S. Equity Index ETF (CAD-Hedged)
CGX.TO,Cineplex Inc.
CPH.TO,Cipher Pharmaceuticals Inc.
CVG.TO,Clairvest Group Inc.
CKI.TO,Clarke Inc.
CCA.TO,Cogeco Communications Inc.
CGO.TO,Cogeco Inc.
GCL.TO,Colabor Group Inc.
CNL.TO,Collective Mining Ltd.
CIGI.TO,Colliers International Group Inc.
YCM.TO,Commerce Split Corp.
CMG.TO,Computer Modelling Group Ltd.
CDR.TO,Condor Energies Inc.
COG.TO,Condor Gold plc
CFF.TO,Conifex Timber Inc.
CSU.TO,Constellation Software Inc.
CTS.TO,Converge Technology Solutions Corp.
CPLF.TO,Copperleaf Technologies Inc.
CVO.TO,Coveo Solutions Inc.
CPG.TO,Crescent Point Energy Corp.
CTX.TO,Crescita Therapeutics Inc.
CR.TO,Crew Energy Inc.
CRON.TO,Cronos Group Inc.
CRWN.TO,Crown Capital Partners Inc.
CURA.TO,"Curaleaf Holdings, Inc."
CXI.TO,"Currency Exchange International, Corp."
CYB.TO,Cymbria Corporation
DBO.TO,D-Box Technologies Inc.
DTOL.TO,D2L Inc.
DCM.TO,Data Communications Management Corp.
DAY.TO,"Dayforce, Inc."
DFY.TO,Definity Financial Corporation
DN.TO,Delta 9 Cannabis Inc.
DML.TO,Denison Mines Corp.
DNTL.TO,dentalcorp Holdings Ltd.
DSG.TO,Descartes Systems Group Inc. (The)
DCC.TO,Desjardins 1-5 year Laddered Canadian Corporate Bond Index ETF
DCG.TO,Desjardins 1-5 year Laddered Canadian Government Bond Index ETF
DANC.TO,Desjardins Alt Long/Short Equity Market Neutral ETF
DAMG.TO,Desjardins Alt Long/Short Global Equity Markets ETF
DCP.TO,Desjardins Canadian Preferred Share Index ETF
DCS.TO,Desjardins Canadian Short Term Bond Index ETF
DCU.TO,Desjardins Canadian Universe Bond Index ETF
DRCU.TO,Desjardins RI Active Canadian Bond - Net-Zero Emissions Pathway ETF
DRMC.TO,Desjardins RI Canada - Net-Zero Emissions Pathway ETF
DRFC.TO,Desjardins RI Canada Multifactor - Net-Zero Emissions Pathway ETF
DRMD.TO,Desjardins RI Developed ex-USA ex-Canada - Net-Zero Emissions Pathway ETF
DRME.TO,Desjardins RI Emerging Markets - Net-Zero Emissions Pathway ETF
DRFE.TO,Desjardins RI Emerging Markets Multifactor - Net-Zero Emissions Pathway ETF
DRFG.TO,Desjardins RI Global Multifactor - Fossil Fuel Reserves Free ETF
DRMU.TO,Desjardins RI USA - Net-Zero Emissions Pathway ETF
DRFU.TO,Desjardins RI USA Multifactor - Net-Zero Emissions Pathway ETF
DSAE.TO,Desjardins SocieTerra American Equity ETF
DRFD.TO,DesjardinsRIDeveloped ex-USAex-Canada Multifactor-Net-ZeroEmissionsPathwayETF
DXT.TO,Dexterra Group Inc.
DRT.TO,DIRTT Environmental Solutions Ltd.
DSV.TO,Discovery Silver Corp.
DIV.TO,Diversified Royalty Corp.
DFN.TO,Dividend 15 Split Corp.
DF.TO,Dividend 15 Split Corp. II
DGS.TO,Dividend Growth Split Corp.
DS.TO,Dividend Select 15 Corp.
DCBO.TO,Docebo Inc.
DOL.TO,Dollarama Inc.
DBM.TO,Doman Building Materials Group Ltd.
DLCG.TO,Dominion Lending Centres Inc.
DRM.TO,DREAM Unlimited Corp.
DPM.TO,Dundee Precious Metals Inc.
DND.TO,Dye & Durham Limited
DYA.TO,dynaCERT Inc.
DNG.TO,Dynacor Group Inc.
DXBC.TO,Dynamic Active Canadian Bond ETF
DXC.TO,Dynamic Active Canadian Dividend ETF
DXO.TO,Dynamic Active Crossover Bond ETF
DXDB.TO,Dynamic Active Discount Bond ETF
DXEM.TO,Dynamic Active Emerging Markets ETF
DXET.TO,Dynamic Active Energy Evolution ETF
DXQ.TO,Dynamic Active Enhanced Yield Covered Options ETF
DXG.TO,Dynamic Active Global Dividend ETF
DXGE.TO,Dynamic Active Global Equity Income ETF
DXF.TO,Dynamic Active Global Financial Services ETF
DXN.TO,Dynamic Active Global Infrastructure ETF
DXW.TO,Dynamic Active International Dividend ETF
DXIF.TO,Dynamic Active International ETF
DXV.TO,Dynamic Active Investment Grade Floating Rate ETF
DXP.TO,Dynamic Active Preferred Shares ETF
DXR.TO,Dynamic Active Retirement Income ETF
DXB.TO,Dynamic Active Tactical Bond ETF
DXU.TO,Dynamic Active U.S. Dividend ETF
DXUS.TO,Dynamic Active U.S. Equity ETF
DXBU.TO,Dynamic Active U.S. Investment Grade Corporate Bond ETF
DXZ.TO,Dynamic Active U.S. Mid-Cap ETF
ENS.TO,E Split Corp.
ELF.TO,E-L Financial Corporation Limited
EAGR.TO,East Side Games Group Inc.
ELR.TO,Eastern Platinum Limited
ECN.TO,ECN Capital Corp.
EVT.TO,Economic Investment Trust Limited
ECOR.TO,Ecora Resources plc
ECO.TO,EcoSynthetix Inc.
ELD.TO,Eldorado Gold Corporation
ELVA.TO,Electrovaya Inc.
EFN.TO,Element Fleet Management Corp.
ELO.TO,Eloro Resources Ltd.
BABY.TO,Else Nutrition Holdings Inc.
EMA.TO,Emera Incorporated
ENB.TO,Enbridge Inc.
EDV.TO,Endeavour Mining plc
EDR.TO,Endeavour Silver Corp.
EFX.TO,Enerflex Ltd.
EFR.TO,Energy Fuels Inc.
ERF.TO,Enerplus Corporation
ENGH.TO,Enghouse Systems Limited
ESI.TO,Ensign Energy Services Inc.
E.TO,"Enterprise Group, Inc."
EGLX.TO,Enthusiast Gaming Holdings Inc.
ETG.TO,Entree Resources Ltd.
EQB.TO,EQB Inc.
EQX.TO,Equinox Gold Corp.
ERD.TO,Erdene Resource Development Corporation
ERO.TO,Ero Copper Corp.
ETHR.TO,Ether ETF
EPRX.TO,Eupraxia Pharmaceuticals Inc.
ESM.TO,Euro Sun Mining Inc.
ET.TO,Evertz Technologies Limited
DIVS.TO,Evolve Active Canadian Preferred Share Fund
EARN.TO,Evolve Active Global Fixed Income Fund
CARS.TO,Evolve Automobile Innovation Index Fund
BANK.TO,Evolve Canadian Banks and Lifecos Enhanced Yield Index Fund
DATA.TO,Evolve Cloud Computing Index Fund
ETC.TO,Evolve Cryptocurrencies ETF
CYBR.TO,Evolve Cyber Security Index Fund
HERO.TO,Evolve E-Gaming Index ETF
BOND.TO,Evolve Enhanced Yield Bond Fund
EBNK.TO,Evolve European Banks Enhanced Yield ETF
TECH.TO,Evolve FANGMA Index ETF
LEAD.TO,Evolve Future Leadership Fund
LIFE.TO,Evolve Global Healthcare Enhanced Yield Fund
BASE.TO,Evolve Global Materials & Mining Enhanced Yield Index ETF
EDGE.TO,Evolve Innovation Index Fund
MESH.TO,Evolve Metaverse ETF
QQQY.TO,Evolve NASDAQ Technology Enhanced Yield Index Fund
QQQT.TO,Evolve NASDAQ Technology Index Fund
ESPX.TO,Evolve S&P 500® Enhanced Yield Fund
ETSX.TO,Evolve S&P/TSX 60 Enhanced Yield Fund
CALL.TO,Evolve US Banks Enhanced Yield Fund
EXN.TO,Excellon Resources Inc.
MIN.TO,Excelsior Mining Corp.
EIF.TO,Exchange Income Corporation
XTC.TO,Exco Technologies Limited
EGIF.TO,Exemplar Growth and Income Fund
EXRO.TO,Exro Technologies Inc.
EXE.TO,Extendicare Inc.
FFH.TO,Fairfax Financial Holdings Limited
FANS.TO,FansUnite Entertainment Inc.
FDY.TO,Faraday Copper Corp.
FDGE.TO,Farmers Edge Inc.
FRX.TO,Fennec Pharmaceuticals Inc.
FBTC.TO,Fidelity Advantage Bitcoin ETF
FETH.TO,Fidelity Advantage Ether ETF
FCCD.TO,Fidelity Canadian High Dividend ETF
FCCQ.TO,Fidelity Canadian High Quality ETF
FCCL.TO,Fidelity Canadian Low Volatility ETF
FCCM.TO,Fidelity Canadian Momentum ETF
FCMI.TO,Fidelity Canadian Monthly High Income ETF
FCSB.TO,Fidelity Canadian Short Term Corporate Bond ETF
FCCV.TO,Fidelity Canadian Value ETF
FCGB.TO,Fidelity Global Core Plus Bond ETF
FCIG.TO,Fidelity Global Investment Grade Bond ETF
FCGI.TO,Fidelity Global Monthly High Income ETF
FCID.TO,Fidelity International High Dividend ETF
FCIQ.TO,Fidelity International High Quality ETF
FCIL.TO,Fidelity International Low Volatility ETF
FCIM.TO,Fidelity International Momentum ETF
FCIV.TO,Fidelity International Value ETF
FCCB.TO,Fidelity Systematic Canadian Bond Index ETF
FCRH.TO,Fidelity U.S. Dividend for Rising Rates Currency Neutral ETF
FCRR.TO,Fidelity U.S. Dividend for Rising Rates ETF
FCUH.TO,Fidelity U.S. High Dividend Currency Neutral ETF
FCUD.TO,Fidelity U.S. High Dividend ETF
FCQH.TO,Fidelity U.S. High Quality Currency Neutral ETF
FCUQ.TO,Fidelity U.S. High Quality ETF
FCLH.TO,Fidelity U.S. Low Volatility Currency Neutral ETF
FCUL.TO,Fidelity U.S. Low Volatility ETF
FCMH.TO,Fidelity U.S. Momentum Currency Neutral ETF
FCMO.TO,Fidelity U.S. Momentum ETF
FCVH.TO,Fidelity U.S. Value Currency Neutral ETF
FCUV.TO,Fidelity U.S. Value ETF
FSZ.TO,Fiera Capital Corporation
FIL.TO,Filo Corp
FTN.TO,Financial 15 Split Corp.
FTT.TO,Finning International Inc.
FTG.TO,Firan Technology Group Corporation
FC.TO,Firm Capital Mortgage Investment Corporation
FR.TO,First Majestic Silver Corp.
FF.TO,First Mining Gold Corp.
FN.TO,First National Financial Corporation
FM.TO,First Quantum Minerals Ltd.
FHH.TO,First Trust AlphaDEX U.S. Health Care Sector Index ETF
FHG.TO,First Trust AlphaDEX U.S. Industrials Sector Index ETF
FHQ.TO,First Trust AlphaDEX U.S. Technology Sector Index ETF
FST.TO,First Trust Canadian Capital Strength ETF
SKYY.TO,First Trust Cloud Computing ETF
FDN.TO,First Trust Dow Jones Internet ETF
ETP.TO,First Trust Global Risk Managed Income Index ETF
BLCK.TO,First Trust Indxx Innovative Transaction and Process ETF
NXTG.TO,First Trust Indxx NextG ETF
FINT.TO,First Trust International Capital Strength ETF
FDL.TO,First Trust Morningstar Dividend Leaders ETF (CAD-Hedged)
QCLN.TO,First Trust NASDAQ Clean Edge Green Energy ETF
CIBR.TO,First Trust Nasdaq Cybersecurity ETF
FBT.TO,First Trust NYSE Arca Biotechnology ETF
FSL.TO,First Trust Senior Loan ETF (CAD-Hedged)
FUD.TO,First Trust Value Line Dividend Index ETF (CAD-Hedged)
FSV.TO,FirstService Corporation
FCU.TO,Fission Uranium Corp.
FLNT.TO,FLINT Corp.
FLOW.TO,Flow Beverage Corp.
FAR.TO,Foraco International SA
FOM.TO,Foran Mining Corporation
FEME.TO,Forstrong Emerging Markets Equity ETF
FINE.TO,Forstrong Global Ex-North America Equity ETF
FGRW.TO,Forstrong Global Growth ETF
FINC.TO,Forstrong Global Income ETF
FSY.TO,Forsys Metals Corp.
FTS.TO,Fortis Inc.
FVI.TO,Fortuna Silver Mines Inc.
FT.TO,Fortune Minerals Limited
FNV.TO,Franco-Nevada Corporation
FLCP.TO,Franklin Bissett Core Plus Bond Fund
FLCI.TO,Franklin Bissett Corporate Bond Fund
FLSD.TO,Franklin Bissett Short Duration Bond Fund
FHIS.TO,Franklin Bissett Ultra Short Bond Fund
FBGO.TO,Franklin Brandywine Global Sustainable Income Optimiser Fund
FCII.TO,Franklin ClearBridge Sustainable Global Infrastructure Income Fund
FCSI.TO,Franklin ClearBridge Sustainable International Growth Fund
FLGA.TO,Franklin Global Core Bond Fund
FLGD.TO,Franklin Global Dividend Quality Index ETF
FGGE.TO,Franklin Global Growth Fund
FINO.TO,Franklin Innovation Fund
FLDM.TO,Franklin International Multifactor Index ETF
FLUS.TO,Franklin U.S. Large Cap Multifactor Index ETF
FWCP.TO,Franklin Western Asset Core Plus Bond Fund
FVL.TO,Freegold Ventures Limited
FRU.TO,Freehold Royalties Ltd.
FEC.TO,Frontera Energy Corporation
FURY.TO,Fury Gold Mines Limited
GMIN.TO,G Mining Ventures Corp.
GLXY.TO,Galaxy Digital Holdings Ltd.
GAU.TO,Galiano Gold Inc.
GH.TO,Gamehost Inc.
VRTS.TO,Gamelancer Media Corp.
GATO.TO,"Gatos Silver, Inc."
GDI.TO,GDI Integrated Facility Services Inc.
GXE.TO,Gear Energy Ltd.
GENM.TO,Generation Mining Limited
GDC.TO,Genesis Land Development Corp.
GEO.TO,Geodrill Limited
WN.TO,George Weston Limited
GFL.TO,GFL Environmental Inc.
GEI.TO,Gibson Energy Inc.
GIL.TO,Gildan Activewear Inc.
GIVX.TO,Givex Corp.
GVC.TO,Glacier Media Inc.
GLG.TO,GLG Life Tech Corporation
GLO.TO,Global Atomic Corporation
GDV.TO,Global Dividend Growth Split Corp.
GEC.TO,Global Education Communities Corp.
GMX.TO,Globex Mining Enterprises Inc.
GSY.TO,goeasy Ltd.
GGD.TO,GoGold Resources Inc.
GMTN.TO,Gold Mountain Mining Corp.
GRC.TO,Gold Springs Resource Corp.
AUMN.TO,Golden Minerals Company
GOLD.TO,GoldMining Inc.
XAU.TO,GoldMoney Inc.
GDL.TO,Goodfellow Inc.
FOOD.TO,Goodfood Market Corp.
GTE.TO,Gran Tierra Energy Inc.
GWO.TO,Great-West Lifeco Inc.
GFR.TO,Greenfire Resources Ltd.
GFP.TO,GreenFirst Forest Products Inc.
GRN.TO,Greenlane Renewables Inc.
GCBD.TO,Guardian Canadian Bond Fund
GCFE.TO,Guardian Canadian Focused Equity Fund
GCSC.TO,Guardian Canadian Sector Controlled Equity Fund
GCG.TO,Guardian Capital Group Limited
GDEP.TO,Guardian Directed Equity Path Portfolio
GDPY.TO,Guardian Directed Premium Yield Portfolio
GIQG.TO,Guardian i3 Global Quality Growth ETF
GIQU.TO,Guardian i3 US Quality Growth ETF
GIES.TO,Guardian International Equity Select Fund
GCTB.TO,Guardian Ultra-Short Canadian T-Bill Fund
GPMD.TO,GuardPath TM Managed Decumulation 2042 Fund
GURU.TO,GURU Organic Energy Corp.
HAI.TO,Haivision Systems Inc.
HBA.TO,Hamilton Australian Bank Equal-Weight Index ETF
HEB.TO,Hamilton Canadian Bank Equal-Weight Index ETF
HCA.TO,Hamilton Canadian Bank Mean Reversion Index ETF
HMAX.TO,Hamilton Canadian Financials Yield Maximizer ETF
EMAX.TO,Hamilton Energy Yield Maximizer ETF
HCAL.TO,Hamilton Enhanced Canadian Bank ETF
HFIN.TO,Hamilton Enhanced Canadian Financials ETF
HDIV.TO,Hamilton Enhanced Multi-Sector Covered Call ETF
HYLD.TO,Hamilton Enhanced U.S. Covered Call ETF
HUTS.TO,Hamilton Enhanced Utilities ETF
HFG.TO,Hamilton Global Financials ETF
AMAX.TO,Hamilton Gold Producer Yield Maximizer ETF
LMAX.TO,Hamilton Healthcare Yield Maximizer ETF
QMAX.TO,Hamilton Technology Yield Maximizer ETF
HTL.TO,Hamilton Thorne Ltd.
HBND.TO,Hamilton U.S. Bond Yield Maximizer ETF
SMAX.TO,Hamilton U.S. Equity Yield Maximizer ETF
FMAX.TO,Hamilton U.S. Financials Yield Maximizer ETF
HUM.TO,Hamilton U.S. Mid/Small-Cap Financials ETF
UMAX.TO,Hamilton Utilities Yield Maximizer ETF
HBFE.TO,Harvest Brand Leaders Enhanced Income ETF
HBF.TO,Harvest Brand Leaders Plus Income ETF
HLFE.TO,Harvest Canadian Equity Enhanced Income Leaders ETF
HLIF.TO,Harvest Canadian Equity Income Leaders ETF
TBIL.TO,Harvest Canadian T-Bill ETF
HCLN.TO,Harvest Clean Energy ETF
HRIF.TO,Harvest Diversified Equity Income ETF
HDIF.TO,Harvest Diversified Monthly Income ETF
HPF.TO,Harvest Energy Leaders Plus Income ETF
HUTE.TO,Harvest Equal Weight Global Utilities Enhanced Income ETF
HUTL.TO,Harvest Equal Weight Global Utilities Income ETF
HGGG.TO,Harvest Global Gold Giants Index ETF
HGR.TO,Harvest Global REIT Leaders Income ETF
HHLE.TO,Harvest Healthcare Leaders Enhanced Income ETF
HHL.TO,Harvest Healthcare Leaders Income ETF
HPYM.TO,Harvest Premium Yield 7-10 Year Treasury ETF
HPYT.TO,Harvest Premium Yield Treasury ETF
HTAE.TO,Harvest Tech Achievers Enhanced Income ETF
HTA.TO,Harvest Tech Achievers Growth & Income ETF
TRVI.TO,Harvest Travel & Leisure Income ETF
TRVL.TO,Harvest Travel & Leisure Index ETF
HUBL.TO,Harvest US Bank Leaders Income ETF
HWX.TO,Headwater Exploration Inc.
AIDX.TO,HealWELL AI Inc.
HBP.TO,Helix BioPharma Corp.
HRX.TO,Heroux-Devtek Inc.
HWO.TO,High Arctic Energy Services Inc.
HLF.TO,High Liner Foods Incorporated
HLS.TO,HLS Therapeutics Inc.
CBIL.TO,Horizons 0-3 Month T-Bill ETF
HARC.TO,Horizons Absolute Return Global Currency ETF
HAD.TO,Horizons Active Cdn Bond ETF
HAL.TO,Horizons Active Cdn Dividend ETF
HMP.TO,Horizons Active Cdn Municipal Bond ETF
HAB.TO,Horizons Active Corporate Bond ETF
HSL.TO,Horizons Active Floating Rate Senior Loan ETF
HAZ.TO,Horizons Active Global Dividend ETF
HAF.TO,Horizons Active Global Fixed Income ETF
HYI.TO,Horizons Active High Yield Bond ETF
HYBR.TO,Horizons Active Hybrid Bond and Preferred Share ETF
HPR.TO,Horizons Active Preferred Share ETF
HFR.TO,Horizons Active Ultra-Short Term Investment Grade Bond ETF
HUF.TO,Horizons Active Ultra-Short Term US Investment Grade Bond ETF
HEQT.TO,Horizons All-Equity Asset Allocation ETF
HBAL.TO,Horizons Balanced Asset Allocation ETF
HBGD.TO,Horizons Big Data & Hardware Index ETF
CNCC.TO,Horizons Canadian Large Cap Equity Covered Call ETF
ENCC.TO,Horizons Canadian Oil and Gas Equity Covered Call ETF
UTIL.TO,Horizons Canadian Utility Services High Dividend Index ETF
CARB.TO,Horizons Carbon Credits ETF
HSAV.TO,Horizons Cash Maximizer ETF
HXH.TO,Horizons Cdn High Dividend Index ETF
HBB.TO,Horizons Cdn Select Universe Bond ETF
HCON.TO,Horizons Conservative Asset Allocation ETF
COPP.TO,Horizons Copper Producers Index ETF
HUC.TO,Horizons Crude Oil ETF
HXEM.TO,Horizons Emerging Markets Equity Index ETF
EQCL.TO,Horizons Enhanced All-Equity Asset Allocation Covered Call ETF
HEQL.TO,Horizons Enhanced All-Equity Asset Allocation ETF
CNCL.TO,Horizons Enhanced Canadian Large Cap Equity Covered Call ETF
ENCL.TO,Horizons Enhanced Canadian Oil and Gas Equity Covered Call ETF
BNKL.TO,Horizons Enhanced Equal Weight Banks Index ETF
BKCL.TO,Horizons Enhanced Equal Weight Canadian Banks Covered Call ETF
QQCL.TO,Horizons Enhanced NASDAQ-100 Covered Call ETF
CANL.TO,Horizons Enhanced S&P/TSX 60 Index ETF
USCL.TO,Horizons Enhanced US Large Cap Equity Covered Call ETF
HBNK.TO,Horizons Equal Weight Banks Index ETF
HEWB.TO,Horizons Equal Weight Canada Banks Index ETF
HCRE.TO,Horizons Equal Weight Canada REIT Index ETF
BKCC.TO,Horizons Equal Weight Canadian Bank Covered Call ETF
HXX.TO,Horizons Europe 50 Index ETF
BBIG.TO,Horizons Global BBIG Technology ETF
HYDR.TO,Horizons Global Hydrogen Index ETF
HLIT.TO,Horizons Global Lithium Producers Index ETF
MTAV.TO,Horizons Global Metaverse Index ETF
CHPS.TO,Horizons Global Semiconductor Index ETF
ETHI.TO,Horizons Global Sustainability Leaders Index ETF
HURA.TO,Horizons Global Uranium Index ETF
HUG.TO,Horizons Gold ETF
GLCC.TO,Horizons Gold Producer Equity Covered Call ETF
HGY.TO,Horizons Gold Yield ETF
GRCC.TO,Horizons Growth Asset Allocation Covered Call ETF
HGRW.TO,Horizons Growth Asset Allocation ETF
HBUG.TO,Horizons GX Cybersecurity Index ETF
CASH.TO,Horizons High Interest Savings ETF
FOUR.TO,Horizons Industry 4.0 Index ETF
INOC.TO,Horizons Inovestor Canadian Equity Index ETF
HXDM.TO,Horizons Intl Developed Markets Equity Index ETF
HLPR.TO,Horizons Laddered Canadian Preferred Share Index ETF
LPAY.TO,Horizons Long-Term U.S. Treasury Premium Yield ETF
HMMJ.TO,Horizons Marijuana Life Sciences Index ETF
MPAY.TO,Horizons Mid-Term U.S. Treasury Premium Yield ETF
QQCC.TO,Horizons NASDAQ-100 Covered Call ETF
HXQ.TO,Horizons NASDAQ-100 Index ETF
HUN.TO,Horizons Natural Gas ETF
HOG.TO,Horizons Pipelines & Energy Services Index ETF
HRAA.TO,Horizons ReSolve Adaptive Asset Allocation ETF
RBOT.TO,Horizons Robotics & AI Index ETF
HSH.TO,Horizons S&P 500 CAD Hedged Index ETF
HXS.TO,Horizons S&P 500 Index ETF
HGGB.TO,Horizons S&P Green Bond Index ETF
HXT.TO,Horizons S&P/TSX 60 Index ETF
HXCN.TO,Horizons S&P/TSX Capped Composite Index ETF
HXE.TO,Horizons S&P/TSX Capped Energy Index ETF
HXF.TO,Horizons S&P/TSX Capped Financials Index ETF
HAC.TO,Horizons Seasonal Rotation ETF
SPAY.TO,Horizons Short-Term U.S. Treasury Premium Yield ETF
HUZ.TO,Horizons Silver ETF
HARB.TO,Horizons Tactical Absolute Return Bond ETF
HTB.TO,Horizons US 7-10 Year Treasury Bond ETF
DLR.TO,Horizons US Dollar Currency ETF
USCC.TO,Horizons US Large Cap Equity Covered Call ETF
HULC.TO,Horizons US Large Cap Index ETF
HZM.TO,Horizonte Minerals Plc.
HBM.TO,Hudbay Minerals Inc.
HUT.TO,Hut 8 Corp.
H.TO,Hydro One Limited
IAU.TO,i-80 Gold Corp.
ITE.TO,i3 Energy plc
ICPB.TO,IA Clarington Core Plus Bond Fund
IFRF.TO,IA Clarington Floating Rate Income Fund
IGAF.TO,IA Clarington Loomis Global Allocation Fund
IGEO.TO,IA Clarington Loomis Global Equity Opportunities Fund
ILGB.TO,IA Clarington Loomis Global Multisector Bond Fund
ISCB.TO,IA Clarington Strategic Corporate Bond Fund
ISIF.TO,IA Clarington Strategic Income Fund
IAG.TO,iA Financial Corporation Inc.
IWEB.TO,IA Wealth Enhanced Bond Pool
IMG.TO,IAMGOLD Corporation
IFA.TO,iFabric Corp.
IGM.TO,IGM Financial Inc.
ILLM.TO,illumin Holdings Inc.
III.TO,Imperial Metals Corporation
IMO.TO,Imperial Oil Limited
IDG.TO,Indigo Books & Music Inc.
ISV.TO,Information Services Corporation
INE.TO,Innergex Renewable Energy Inc.
IPO.TO,InPlay Oil Corp.
IFC.TO,Intact Financial Corporation
IGX.TO,IntelGenx Technologies Corp.
IPCI.TO,IntelliPharmaCeutics International Inc.
IFP.TO,Interfor Corporation
IMP.TO,Intermap Technologies Corporation
IPCO.TO,International Petroleum Corporation
ITH.TO,International Tower Hill Mines Ltd.
PFL.TO,Invesco 1-3 Year Laddered Floating Rate Note Index ETF
PSB.TO,Invesco 1-5 Year Laddered Investment Grade Corporate Bond Index ETF
PDC.TO,Invesco Canadian Dividend Index ETF
BESG.TO,Invesco ESG Canadian Core Plus Bond ETF
IWBE.TO,Invesco ESG Global Bond ETF
QQCE.TO,Invesco ESG NASDAQ 100 Index ETF
QQJE.TO,Invesco ESG NASDAQ Next Gen 100 Index ETF
PXC.TO,Invesco FTSE RAFI Canadian Index ETF
PZW.TO,Invesco FTSE RAFI Global Small-Mid ETF
PXS.TO,Invesco FTSE RAFI U.S. Index ETF II
IIMF.TO,Invesco International Developed Dynamic-Multifactor Index ETF
PLV.TO,Invesco Low Volatility Portfolio ETF
IGET.TO,Invesco Morningstar Global Energy Transition Index ETF
INAI.TO,Invesco Morningstar Global Next Gen AI Index ETF
QQEQ.TO,Invesco NASDAQ 100 Equal Weight Index ETF
QQC.TO,Invesco NASDAQ 100 Index ETF
QQJR.TO,Invesco NASDAQ Next Gen 100 Index ETF
IUMF.TO,Invesco Russell 1000 Dynamic-Multifactor Index ETF
EQL.TO,Invesco S&P 500 Equal Weight Index ETF
ESG.TO,Invesco S&P 500 ESG Index ETF
ISTE.TO,Invesco S&P 500 ESG Tilt Index ETF
IIAE.TO,Invesco S&P International Developed Dividend Aristocrats ESG Index ETF
IICE.TO,Invesco S&P International Developed ESG Index ETF
IITE.TO,Invesco S&P International Developed ESG Tilt Index ETF
IUAE.TO,Invesco S&P US Dividend Aristocrats ESG Index ETF
IUCE.TO,Invesco S&P US Total Market ESG Index ETF
IUTE.TO,Invesco S&P US Total Market ESG Tilt Index ETF
IXTE.TO,Invesco S&P/TSX 60 ESG Tilt Index ETF
ICAE.TO,Invesco S&P/TSX Canadian Dividend Aristocrats ESG Index ETF
ESGC.TO,Invesco S&P/TSX Composite ESG Index ETF
ICTE.TO,Invesco S&P/TSX Composite ESG Tilt Index ETF
TLV.TO,Invesco S&P/TSX Composite Low Volatility Index ETF
IVQ.TO,Invesque Inc.
XSTP.TO,iShares 0-5 Year TIPS Bond Index ETF
XSTH.TO,iShares 0-5 Year TIPS Bond Index ETF (CAD-Hedged)
CBH.TO,iShares 1-10 Year Laddered Corporate Bond Index ETF
CLG.TO,iShares 1-10 Year Laddered Government Bond Index ETF
CBO.TO,iShares 1-5 Year Laddered Corporate Bond Index ETF
CLF.TO,iShares 1-5 Year Laddered Government Bond Index ETF
XSHU.TO,iShares 1-5 Year U.S. IG Corporate Bond Index ETF
XIGS.TO,iShares 1-5 Year U.S. IG Corporate Bond Index ETF (CAD-Hedged)
XTLT.TO,iShares 20+ Year U.S. Treasury Bond Index ETF
XTLH.TO,iShares 20+ Year U.S. Treasury Bond Index ETF (CAD-Hedged)
FIE.TO,iShares Canadian Financial Monthly Income ETF
XCG.TO,iShares Canadian Growth Index ETF
XHB.TO,iShares Canadian HYBrid Corporate Bond Index ETF
XRB.TO,iShares Canadian Real Return Bond Index ETF
XDV.TO,iShares Canadian Select Dividend Index ETF
XCV.TO,iShares Canadian Value Index ETF
XCH.TO,iShares China Index ETF
XSC.TO,iShares Conservative Short Term Strategic Fixed Income ETF
XSE.TO,iShares Conservative Strategic Fixed Income ETF
CVD.TO,iShares Convertible Bond Index ETF
XBAL.TO,iShares Core Balanced ETF Portfolio
XFLB.TO,iShares Core Canadian 15+ Year Federal Bond Index ETF
XCB.TO,iShares Core Canadian Corporate Bond Index ETF
XGB.TO,iShares Core Canadian Government Bond Index ETF
XLB.TO,iShares Core Canadian Long Term Bond Index ETF
XSB.TO,iShares Core Canadian Short Term Bond Index ETF
XSH.TO,iShares Core Canadian Short Term Corporate Bond Index ETF
XBB.TO,iShares Core Canadian Universe Bond Index ETF
XCNS.TO,iShares Core Conservative Balanced ETF Portfolio
XEQT.TO,iShares Core Equity ETF Portfolio
XGRO.TO,iShares Core Growth ETF Portfolio
XINC.TO,iShares Core Income Balanced ETF Portfolio
XAW.TO,iShares Core MSCI All Country World ex Canada Index ETF
XDIV.TO,iShares Core MSCI Canadian Quality Dividend Index ETF
XEF.TO,iShares Core MSCI EAFE IMI Index ETF
XFH.TO,iShares Core MSCI EAFE IMI Index ETF (CAD-Hedged)
XEC.TO,iShares Core MSCI Emerging Markets IMI Index ETF
XDG.TO,iShares Core MSCI Global Quality Dividend Index ETF
XDGH.TO,iShares Core MSCI Global Quality Dividend Index ETF (CAD-Hedged)
XDU.TO,iShares Core MSCI US Quality Dividend Index ETF
XDUH.TO,iShares Core MSCI US Quality Dividend Index ETF (CAD-Hedged)
XUS.TO,iShares Core S&P 500 Index ETF
XSP.TO,iShares Core S&P 500 Index ETF (CAD-Hedged)
XUU.TO,iShares Core S&P U.S. Total Market Index ETF
XUH.TO,iShares Core S&P U.S. Total Market Index ETF (CAD-Hedged)
XIC.TO,iShares Core S&P/TSX Capped Composite Index ETF
XHAK.TO,iShares Cybersecurity and Tech Index ETF
XTR.TO,iShares Diversified Monthly Income ETF
CEW.TO,iShares Equal Weight Banc & Lifeco ETF
XSHG.TO,iShares ESG Advanced 1-5 Year Canadian Corporate Bond Index ETF
XCBG.TO,iShares ESG Advanced Canadian Corporate Bond Index ETF
XCSR.TO,iShares ESG Advanced MSCI Canada Index ETF
XDSR.TO,iShares ESG Advanced MSCI EAFE Index ETF
XUSR.TO,iShares ESG Advanced MSCI USA Index ETF
XSAB.TO,iShares ESG Aware Canadian Aggregate Bond Index ETF
XSTB.TO,iShares ESG Aware Canadian Short Term Bond Index ETF
XESG.TO,iShares ESG Aware MSCI Canada Index ETF
XSEA.TO,iShares ESG Aware MSCI EAFE Index ETF
XSEM.TO,iShares ESG Aware MSCI Emerging Markets Index ETF
XSUS.TO,iShares ESG Aware MSCI USA Index ETF
GBAL.TO,iShares ESG Balanced ETF Portfolio
GCNS.TO,iShares ESG Conservative Balanced ETF Portfolio
GEQT.TO,iShares ESG Equity ETF Portfolio
GGRO.TO,iShares ESG Growth ETF Portfolio
XEXP.TO,iShares Exponential Technologies Index ETF
XFR.TO,iShares Floating Rate Index ETF
XDNA.TO,iShares Genomics Immunology and Healthcare Index ETF
COW.TO,iShares Global Agriculture Index ETF
XCLN.TO,iShares Global Clean Energy Index ETF
XDRV.TO,iShares Global Electric and Autonomous Vehicles Index ETF
XHC.TO,iShares Global Healthcare Index ETF (CAD-Hedged)
CIF.TO,iShares Global Infrastructure Index ETF
CYH.TO,iShares Global Monthly Dividend Index ETF (CAD-Hedged)
CGR.TO,iShares Global Real Estate Index ETF
CWW.TO,iShares Global Water Index ETF
CGL.TO,iShares Gold Bullion ETF
XQB.TO,iShares High Quality Canadian Bond Index ETF
XID.TO,iShares India Index ETF
XEB.TO,iShares J.P. Morgan USD Emerging Markets Bond Index ETF (CAD-Hedged)
XEN.TO,iShares Jantzi Social Index ETF
XIN.TO,iShares MSCI EAFE Index ETF (CAD-Hedged)
XEMC.TO,iShares MSCI Emerging Markets ex China Index ETF
XEM.TO,iShares MSCI Emerging Markets Index ETF
XEU.TO,iShares MSCI Europe IMI Index ETF
XEH.TO,iShares MSCI Europe IMI Index ETF (CAD-Hedged)
XMV.TO,iShares MSCI Min Vol Canada Index ETF
XMI.TO,iShares MSCI Min Vol EAFE Index ETF
XML.TO,iShares MSCI Min Vol EAFE Index ETF (CAD-Hedged)
XMM.TO,iShares MSCI Min Vol Emerging Markets Index ETF
XMW.TO,iShares MSCI Min Vol Global Index ETF
XMY.TO,iShares MSCI Min Vol Global Index ETF (CAD-Hedged)
XMU.TO,iShares MSCI Min Vol USA Index ETF
XMS.TO,iShares MSCI Min Vol USA Index ETF (CAD-Hedged)
XMTM.TO,iShares MSCI USA Momentum Factor Index ETF
XQLT.TO,iShares MSCI USA Quality Factor Index ETF
XVLU.TO,iShares MSCI USA Value Factor Index ETF
XWD.TO,iShares MSCI World Index ETF
XQQU.TO,iShares NASDAQ 100 Index ETF
XQQ.TO,iShares NASDAQ 100 Index ETF (CAD-Hedged)
CMR.TO,iShares Premium Money Market ETF
XCD.TO,iShares S&P Global Consumer Discretionary Index ETF (CAD-Hedged)
XGI.TO,iShares S&P Global Industrials Index ETF(CAD-Hedged)
XUSF.TO,iShares S&P U.S. Financials Index ETF
XMC.TO,iShares S&P U.S. Mid-Cap Index ETF
XMH.TO,iShares S&P U.S. Mid-Cap Index ETF (CAD-Hedged)
XSMC.TO,iShares S&P U.S. Small-Cap Index ETF
XSMH.TO,iShares S&P U.S. Small-Cap Index ETF (CAD-Hedged)
XIU.TO,iShares S&P/TSX 60 Index ETF
CDZ.TO,iShares S&P/TSX Canadian Dividend Aristocrats Index ETF
CPD.TO,iShares S&P/TSX Canadian Preferred Share Index ETF
XST.TO,iShares S&P/TSX Capped Consumer Staples Index ETF
XEG.TO,iShares S&P/TSX Capped Energy Index ETF
XFN.TO,iShares S&P/TSX Capped Financials Index ETF
XIT.TO,iShares S&P/TSX Capped Information Technology Index ETF
XMA.TO,iShares S&P/TSX Capped Materials Index ETF
XRE.TO,iShares S&P/TSX Capped REIT Index ETF
XUT.TO,iShares S&P/TSX Capped Utilities Index ETF
XMD.TO,iShares S&P/TSX Completion Index ETF
XEI.TO,iShares S&P/TSX Composite High Dividend Index ETF
XETM.TO,iShares S&P/TSX Energy Transition Materials Index ETF
XBM.TO,iShares S&P/TSX Global Base Metals Index ETF
XGD.TO,iShares S&P/TSX Global Gold Index ETF
XPF.TO,iShares S&P/TSX North American Preferred Stock Index ETF (CAD-Hedged)
XCS.TO,iShares S&P/TSX SmallCap Index ETF
XCHP.TO,iShares Semiconductor Index ETF
XSI.TO,iShares Short Term Strategic Fixed Income ETF
SVR.TO,iShares Silver Bullion ETF
XAD.TO,iShares U.S. Aerospace & Defense Index ETF
XAGG.TO,iShares U.S. Aggregate Bond Index ETF
XAGH.TO,iShares U.S. Aggregate Bond Index ETF (CAD-Hedged)
XHU.TO,iShares U.S. High Dividend Equity Index ETF
XHD.TO,iShares U.S. High Dividend Equity Index ETF (CAD-Hedged)
XHY.TO,iShares U.S. High Yield Bond Index ETF (CAD-Hedged)
XCBU.TO,iShares U.S. IG Corporate Bond Index ETF
XIG.TO,iShares U.S. IG Corporate Bond Index ETF (CAD-Hedged)
XSU.TO,iShares U.S. Small Cap Index ETF (CAD-Hedged)
CUD.TO,iShares US Dividend Growers Index ETF (CAD-Hedged)
IE.TO,Ivanhoe Electric Inc.
IVN.TO,Ivanhoe Mines Ltd.
JAG.TO,Jaguar Mining Inc.
JWEL.TO,Jamieson Wellness Inc.
JOY.TO,Journey Energy Inc.
KBL.TO,K-Bro Linen Inc.
KNT.TO,K92 Mining Inc.
KRN.TO,Karnalyte Resources Inc.
KRR.TO,Karora Resources Inc.
KLS.TO,Kelso Technologies Inc.
KEL.TO,Kelt Exploration Ltd.
KEY.TO,Keyera Corp.
KXS.TO,Kinaxis Inc.
K.TO,Kinross Gold Corporation
KITS.TO,Kits Eyecare Ltd.
KEC.TO,Kiwetinohk Energy Corp.
KSI.TO,"kneat.com, inc."
GUD.TO,Knight Therapeutics Inc.
KEI.TO,Kolibri Global Energy Inc.
KPT.TO,KP Tissue Inc.
LIF.TO,Labrador Iron Ore Royalty Corporation
LAM.TO,Laramide Resources Ltd.
LGO.TO,Largo Inc.
LB.TO,Laurentian Bank of Canada
LNF.TO,Leon's Furniture Limited
LGD.TO,Liberty Gold Corp.
LBS.TO,Life & Banc Split Corp.
LSPK.TO,LifeSpeak Inc
LSPD.TO,Lightspeed Commerce Inc.
LNR.TO,Linamar Corporation
LEV.TO,Lion Electric Company (The)
LAAC.TO,Lithium Americas (Argentina) Corp.
LAC.TO,Lithium Americas Corp.
LIRC.TO,Lithium Royalty Corp.
L.TO,Loblaw Companies Limited
LN.TO,Loncor Gold Inc.
LPEN.TO,Loop Energy Inc.
LUC.TO,Lucara Diamond Corp.
LUG.TO,Lundin Gold Inc.
LUN.TO,Lundin Mining Corporation
LYCT.TO,Lysander-Canso Corporate Treasury ActivETF
LYFR.TO,Lysander-Canso Floating Rate ActivETF
PR.TO,Lysander-Slater Preferred Share ActivETF
MEQT.TO,Mackenzie All-Equity Allocation ETF
MBAL.TO,Mackenzie Balanced Allocation ETF
QBB.TO,Mackenzie Canadian Aggregate Bond Index ETF
QCN.TO,Mackenzie Canadian Equity Index ETF
QLB.TO,Mackenzie Canadian Government Long Bond Index ETF
QCE.TO,Mackenzie Canadian Large Cap Equity Index ETF
MCSB.TO,Mackenzie Canadian Short Term Fixed Income ETF
QSB.TO,Mackenzie Canadian Short-Term Bond Index ETF
QASH.TO,Mackenzie Canadian Ultra Short Bond Index ETF
MCON.TO,Mackenzie Conservative Allocation ETF
MKB.TO,Mackenzie Core Plus Canadian Fixed Income ETF
MGB.TO,Mackenzie Core Plus Global Fixed Income ETF
QDXB.TO,Mackenzie Developed ex-North America Aggregate Bond Index ETF (CAD-Hedged)
QRET.TO,Mackenzie Developed Markets Real Estate Index ETF
QEBH.TO,Mackenzie Emerging Markets Bond Index ETF (CAD-Hedged)
QEE.TO,Mackenzie Emerging Markets Equity Index ETF
QEBL.TO,Mackenzie Emerging Markets Local Currency Bond Index ETF
MFT.TO,Mackenzie Floating Rate Income ETF
MGAB.TO,Mackenzie Global Fixed Income Allocation ETF
QINF.TO,Mackenzie Global Infrastructure Index ETF
MDVD.TO,Mackenzie Global Sustainable Dividend Index ETF
MGRW.TO,Mackenzie Growth Allocation ETF
QDX.TO,Mackenzie International Equity Index ETF
QDXH.TO,Mackenzie International Equity Index ETF (CAD-Hedged)
MIVG.TO,Mackenzie Ivy Global Equity ETF
MXU.TO,Mackenzie Maximum Diversification All World Developed ex North America Index ETF
MWD.TO,Mackenzie Maximum Diversification All World Developed Index ETF
MKC.TO,Mackenzie Maximum Diversification Canada Index ETF
MEU.TO,Mackenzie Maximum Diversification Developed Europe Index ETF
MEE.TO,Mackenzie Maximum Diversification Emerging Markets Index ETF
MUS.TO,Mackenzie Maximum Diversification US Index ETF
MPCF.TO,Mackenzie Portfolio Completion ETF
QUB.TO,Mackenzie U.S. Aggregate Bond Index ETF (CAD-Hedged)
MUB.TO,Mackenzie Unconstrained Bond ETF
QTLT.TO,Mackenzie US Government Long Bond Index ETF
QHY.TO,Mackenzie US High Yield Bond Index ETF (CAD-Hedged)
QUIG.TO,Mackenzie US Investment Grade Corporate Bond Index ETF (CAD-Hedged)
QUU.TO,Mackenzie US Large Cap Equity Index ETF
QAH.TO,Mackenzie US Large Cap Equity Index ETF (CAD-Hedged)
MWLV.TO,Mackenzie World Low Volatility ETF
MPC.TO,Madison Pacific Properties Inc.
MAG.TO,MAG Silver Corp.
MAL.TO,Magellan Aerospace Corporation
MG.TO,Magna International Inc.
MEQ.TO,Mainstreet Equity Corp.
MDI.TO,Major Drilling Group International Inc.
MND.TO,Mandalay Resources Corporation
MFC.TO,Manulife Financial Corporation
MCLC.TO,Manulife Multifactor Canadian Large Cap Index ETF
MCSM.TO,Manulife Multifactor Canadian SMID Cap Index ETF
MINT.TO,Manulife Multifactor Developed International Index ETF
MULC.TO,Manulife Multifactor U.S. Large Cap Index ETF
MUMC.TO,Manulife Multifactor U.S. Mid Cap Index ETF
MUSC.TO,Manulife Multifactor U.S. Small Cap Index ETF
BSKT.TO,Manulife Smart Core Bond ETF
CBND.TO,Manulife Smart Corporate Bond ETF
CDEF.TO,Manulife Smart Defensive Equity ETF
CDIV.TO,Manulife Smart Dividend ETF
TERM.TO,Manulife Smart Short-Term Bond ETF
UDEF.TO,Manulife Smart U.S. Defensive Equity ETF
UDIV.TO,Manulife Smart U.S. Dividend ETF
MFI.TO,Maple Leaf Foods Inc.
MARI.TO,Marimaca Copper Corp.
MRE.TO,Martinrea International Inc.
MATR.TO,Mattr Corp.
MXG.TO,Maxim Power Corp.
MKP.TO,MCAN Mortgage Corporation
MCB.TO,McCoy Global Inc.
MUX.TO,McEwen Mining Inc.
MDA.TO,MDA Ltd.
MDF.TO,mdf commerce inc.
MDP.TO,Medexus Pharmaceuticals Inc.
MVP.TO,MediaValet Inc.
DR.TO,Medical Facilities Corporation
MDNA.TO,Medicenna Therapeutics Corp.
LABS.TO,MediPharm Labs Corp.
MEG.TO,MEG Energy Corp.
MGA.TO,Mega Uranium Ltd.
MRD.TO,Melcor Developments Ltd.
MNO.TO,Meridian Mining UK Societas
MX.TO,Methanex Corporation
MRU.TO,Metro Inc.
MBX.TO,Microbix Biosystems Inc.
MHCD.TO,Middlefield Healthcare Dividend ETF
MINN.TO,Middlefield Innovation Dividend ETF
MREL.TO,Middlefield Real Estate Dividend ETF
MDIV.TO,Middlefield Sustainable Global Dividend ETF
MINF.TO,Middlefield Sustainable Infrastructure Dividend ETF
MUSA.TO,Middlefield U.S. Equity Dividend ETF
MSV.TO,Minco Silver Corporation
MSA.TO,Mineros S.A.
MOGO.TO,Mogo Inc.
MRC.TO,Morguard Corporation
MPVD.TO,Mountain Province Diamonds Inc.
MTY.TO,MTY Food Group Inc.
MTL.TO,Mullen Group Ltd.
CBNK.TO,Mulvihill Canadian Bank Enhanced Yield ETF
MPY.TO,Mulvihill Premium Yield Fund
XLVE.TO,Mulvihill U.S. Health Care Enhanced Yield ETF
NANO.TO,Nano One Materials Corp.
GRA.TO,NanoXplore Inc.
NA.TO,National Bank of Canada
NPRF.TO,NBI Active Canadian Preferred Shares ETF
NINT.TO,NBI Active International Equity ETF
NUSA.TO,NBI Active U.S. Equity ETF
NDIV.TO,NBI Canadian Dividend Income ETF
NFAM.TO,NBI Canadian Family Business ETF
NGPE.TO,NBI Global Private Equity ETF
NREA.TO,NBI Global Real Assets Income ETF
NHYB.TO,NBI High Yield Bond ETF
NALT.TO,NBI Liquid Alternatives ETF
NSCB.TO,NBI Sustainable Canadian Bond ETF
NSCC.TO,NBI Sustainable Canadian Corporate Bond ETF
NSCE.TO,NBI Sustainable Canadian Equity ETF
NSSB.TO,NBI Sustainable Canadian Short Term Bond ETF
NSGE.TO,NBI Sustainable Global Equity ETF
NUBF.TO,NBI Unconstrained Fixed Income ETF
NBLY.TO,Neighbourly Pharmacy Inc.
NEO.TO,Neo Performance Materials Inc.
NCU.TO,Nevada Copper Corp.
NGD.TO,New Gold Inc.
NUAG.TO,New Pacific Metals Corp.
NGT.TO,Newmont Corporation
NXE.TO,NexGen Energy Ltd.
NEXT.TO,NextSource Materials Inc.
NFI.TO,NFI Group Inc.
NGEX.TO,NGEx Minerals Ltd.
NCP.TO,Nickel Creek Platinum Corp.
TKN.TO,Ninepoint Web3 Innovators Fund
NB.TO,NioCorp Developments Ltd.
NOA.TO,North American Construction Group Ltd.
FFN.TO,North American Financial 15 Split Corp.
NWC.TO,North West Company Inc. (The)
NCF.TO,Northcliff Resources Ltd.
NDM.TO,Northern Dynasty Minerals Ltd.
NPI.TO,Northland Power Inc.
NOVC.TO,Nova Cannabis Inc.
NG.TO,NovaGold Resources Inc.
NVO.TO,Novo Resources Corp.
NUMI.TO,Numinus Wellness Inc.
NTR.TO,Nutrien Ltd.
NVEI.TO,Nuvei Corporation
NVA.TO,NuVista Energy Ltd.
SFD.TO,NXT Energy Solutions Inc.
OBE.TO,Obsidian Energy Ltd.
OGC.TO,OceanaGold Corporation
OLY.TO,Olympia Financial Group Inc.
ONC.TO,Oncolytics Biotech Inc.
ONEX.TO,ONEX Corporation
OTEX.TO,Open Text Corporation
OPT.TO,Optiva Inc.
OGD.TO,Orbit Garant Drilling Inc.
ORE.TO,Orezone Gold Corporation
OGI.TO,Organigram Holdings Inc.
OLA.TO,Orla Mining Ltd
ORV.TO,Orvana Minerals Corp.
OR.TO,Osisko Gold Royalties Ltd
OSK.TO,Osisko Mining Inc.
OVV.TO,Ovintiv Inc.
PAAS.TO,Pan American Silver Corp.
POU.TO,Paramount Resources Ltd.
PXT.TO,Parex Resources Inc.
PLC.TO,Park Lawn Corporation
PKI.TO,Parkland Corporation
PSI.TO,Pason Systems Inc.
PMET.TO,Patriot Battery Metals Inc.
PAY.TO,Payfare Inc.
PPL.TO,Pembina Pipeline Corporation
PPTA.TO,Perpetua Resources Corp.
PMT.TO,Perpetual Energy Inc.
PRU.TO,Perseus Mining Limited
PET.TO,Pet Valu Holdings Ltd.
TAL.TO,PetroTal Corp.
PRQ.TO,Petrus Resources Ltd.
PEY.TO,Peyto Exploration & Development Corp.
PHX.TO,PHX Energy Services Corp.
PFAE.TO,Picton Mahoney Fortified Active Extension Alternative Fund
PFAA.TO,Picton Mahoney Fortified Alpha Alternative Fund
PFCB.TO,Picton Mahoney Fortified Core Bond Fund
PFIA.TO,Picton Mahoney Fortified Income Alternative Fund
PFLS.TO,Picton Mahoney Fortified Long Short Alternative Fund
PFMN.TO,Picton Mahoney Fortified Market Neutral Alternative Fund
PFMS.TO,Picton Mahoney Fortified Multi-Strategy Alternative Fund
PFSS.TO,Picton Mahoney Fortified Special Situations Alternative Fund
PEA.TO,Pieridae Energy Limited
PMNT.TO,PIMCO Global Short Maturity Fund (Canada)
IGCF.TO,PIMCO Investment Grade Credit Fund (Canada)
PLDI.TO,PIMCO Low Duration Monthly Income Fund (Canada)
PCON.TO,PIMCO Managed Conservative Bond Pool
PCOR.TO,PIMCO Managed Core Bond Pool
PMIF.TO,PIMCO Monthly Income Fund (Canada)
PNE.TO,Pine Cliff Energy Ltd.
PNP.TO,Pinetree Capital Ltd.
PZA.TO,Pizza Pizza Royalty Corp.
PTM.TO,Platinum Group Metals Ltd.
PIF.TO,Polaris Renewable Energy Inc.
PBL.TO,Pollard Banknote Limited
POW.TO,Power Corporation of Canada
PPR.TO,Prairie Provident Resources Inc.
PSK.TO,PrairieSky Royalty Ltd.
PD.TO,Precision Drilling Corporation
PBH.TO,Premium Brands Holdings Corporation
MCAD.TO,Premium Cash Management Fund
PDV.TO,Prime Dividend Corp.
PRYM.TO,Prime Mining Corp.
PRMW.TO,Primo Water Corporation
PRB.TO,Probe Gold Inc.
PRN.TO,Profound Medical Corp.
PRL.TO,Propel Holdings Inc.
PSD.TO,Pulse Seismic Inc.
PABF.TO,Purpose Active Balanced Fund
PACF.TO,Purpose Active Conservative Fund
PAGF.TO,Purpose Active Growth Fund
PBI.TO,Purpose Best Ideas Fund
BTCC.TO,Purpose Bitcoin ETF
BTCY.TO,Purpose Bitcoin Yield ETF
BNC.TO,Purpose Canadian Financial Income Fund
MNY.TO,Purpose Cash Management Fund
PRP.TO,Purpose Conservative Income Fund
PDF.TO,Purpose Core Dividend Fund
CROP.TO,Purpose Credit Opportunities Fund
PRA.TO,Purpose Diversified Real Asset Fund
CLMT.TO,Purpose Energy Transition Fund
PDIV.TO,Purpose Enhanced Dividend Fund
PAYF.TO,Purpose Enhanced Premium Yield Fund
ETHH.TO,Purpose Ether ETF
ETHY.TO,Purpose Ether Yield ETF
IGB.TO,Purpose Global Bond Class
BND.TO,Purpose Global Bond Fund
FLX.TO,Purpose Global Flexible Credit Fund
PINV.TO,Purpose Global Innovators Fund
KILO.TO,Purpose Gold Bullion Fund
PSA.TO,Purpose High Interest Savings Fund
PID.TO,Purpose International Dividend Fund
PHW.TO,Purpose International Tactical Hedged Equity Fund
PIN.TO,Purpose Monthly Income Fund
PINC.TO,Purpose Multi-Asset Income Fund
PMM.TO,Purpose Multi-Strategy Market Neutral Fund
PYF.TO,Purpose Premium Yield Fund
PHR.TO,Purpose Real Estate Income Fund
SBT.TO,Purpose Silver Bullion Fund
SYLD.TO,Purpose Strategic Yield Fund
PHE.TO,Purpose Tactical Hedged Equity Fund
PBD.TO,Purpose Total Return Bond Fund
PYR.TO,PyroGenesis Canada Inc.
QTRH.TO,Quarterhill Inc.
QRC.TO,Queen's Road Capital Investment Ltd.
QEC.TO,Questerre Energy Corporation
QIPT.TO,Quipt Home Medical Corp.
RBA.TO,"RB Global, Inc."
RLB.TO,RBC 1-5 Year Laddered Canadian Bond ETF
RBO.TO,RBC 1-5 Year Laddered Corporate Bond ETF
RBNK.TO,RBC Canadian Bank Yield Index ETF
RCDC.TO,RBC Canadian Dividend Covered Call ETF
RPF.TO,RBC Canadian Preferred Share ETF
RPSB.TO,RBC PH&N Short Term Canadian Bond ETF
RCD.TO,RBC Quant Canadian Dividend Leaders ETF
RIDH.TO,RBC Quant EAFE Dividend Leaders (CAD Hedged) ETF
RID.TO,RBC Quant EAFE Dividend Leaders ETF
RXD.TO,RBC Quant Emerging Markets Dividend Leaders ETF
RPDH.TO,RBC Quant European Dividend Leaders (CAD Hedged) ETF
RPD.TO,RBC Quant European Dividend Leaders ETF
RUDH.TO,RBC Quant U.S. Dividend Leaders (CAD Hedged) ETF
RUD.TO,RBC Quant U.S. Dividend Leaders ETF
RUSB.TO,RBC Short Term U.S. Corporate Bond ETF
RQL.TO,RBC Target 2024 Corporate Bond Index ETF
RGQL.TO,RBC Target 2024 Government Bond ETF
RQN.TO,RBC Target 2025 Corporate Bond Index ETF
RGQN.TO,RBC Target 2025 Government Bond ETF
RQO.TO,RBC Target 2026 Corporate Bond Index ETF
RGQO.TO,RBC Target 2026 Government Bond ETF
RQP.TO,RBC Target 2027 Corporate Bond Index ETF
RGQP.TO,RBC Target 2027 Government Bond ETF
RQQ.TO,RBC Target 2028 Corporate Bond Index ETF
RGQQ.TO,RBC Target 2028 Government Bond ETF
RQR.TO,RBC Target 2029 Corporate Bond Index ETF
RGQR.TO,RBC Target 2029 Government Bond ETF
RUBH.TO,RBC U.S. Banks Yield (CAD Hedged) Index ETF
RUBY.TO,RBC U.S. Banks Yield Index ETF
RDBH.TO,RBC U.S. Discount Bond (CAD Hedged) ETF
RUDB.TO,RBC U.S. Discount Bond ETF
RUDC.TO,RBC U.S. Dividend Covered Call ETF
RS.TO,Real Estate Split Corp.
REAL.TO,Real Matters Inc.
QSR.TO,Restaurant Brands International Inc.
RVX.TO,Resverlogix Corp.
RCG.TO,RF Capital Group Inc.
RCH.TO,Richelieu Hardware Ltd.
RSI.TO,Rogers Sugar Inc.
ROOT.TO,Roots Corporation
RY.TO,Royal Bank of Canada
MNT.TO,Royal Canadian Mint - Canadian Gold Reserves
MNS.TO,Royal Canadian Mint - Canadian Silver Reserves
RTG.TO,RTG Mining Inc.
RBY.TO,Rubellite Energy Inc.
RUP.TO,Rupert Resources Ltd.
RUS.TO,Russel Metals Inc.
RIFI.TO,Russell Investments Fixed Income Pool
RIIN.TO,Russell Investments Global Infrastructure Pool
RIRA.TO,Russell Investments Real Assets
SBN.TO,S Split Corp.
SGLD.TO,Sabre Gold Mines Corp.
SFC.TO,Sagicor Financial Company Ltd.
SSL.TO,Sandstorm Gold Ltd.
STC.TO,Sangoma Technologies Corporation
SAP.TO,Saputo Inc.
MSCL.TO,Satellos Bioscience Inc.
SOIL.TO,Saturn Oil & Gas Inc.
SIS.TO,Savaria Corporation
SCY.TO,Scandium International Mining Corp.
SEA.TO,Seabridge Gold Inc.
SES.TO,Secure Energy Services Inc.
PME.TO,Sentry Select Primary Metals Corp.
SEC.TO,Senvest Capital Inc.
SBI.TO,Serabi Gold plc
SVA.TO,Sernova Corp.
S.TO,Sherritt International Corporation
SHOP.TO,Shopify Inc.
SIA.TO,Sienna Senior Living Inc.
SMT.TO,Sierra Metals Inc.
SGNL.TO,Signal Gold Inc.
SBR.TO,Silver Bear Resources plc
SVB.TO,"Silver Bull Resources, Inc."
ELEF.TO,Silver Elephant Mining Corp.
SVM.TO,Silvercorp Metals Inc.
SIL.TO,SilverCrest Metals Inc.
SKE.TO,Skeena Resources Limited
ZZZ.TO,Sleep Country Canada Holdings Inc.
ATRL.TO,SNC-Lavalin Group Inc.
SFTC.TO,Softchoice Corporation
SLS.TO,Solaris Resources Inc.
SOLG.TO,SolGold plc
SLR.TO,Solitario Resources Corp.
SFI.TO,Solution Financial Inc.
SHLE.TO,Source Energy Services Ltd.
SDE.TO,Spartan Delta Corp.
EDT.TO,Spectral Medical Inc.
TOY.TO,Spin Master Corp.
SII.TO,Sprott Inc.
CEF.TO,Sprott Physical Gold and Silver Trust
PHYS.TO,Sprott Physical Gold Trust
SPPP.TO,Sprott Physical Platinum and Palladium Trust
PSLV.TO,Sprott Physical Silver Trust
SSRM.TO,SSR Mining Inc.
SAU.TO,St. Augustine Gold and Copper Limited
STCK.TO,Stack Capital Group Inc.
SZLS.TO,StageZero Life Sciences Ltd.
STN.TO,Stantec Inc.
DIAM.TO,Star Diamond Corporation
SAM.TO,Starcore International Mines Ltd.
STLC.TO,Stelco Holdings Inc.
SJ.TO,Stella-Jones Inc.
STEP.TO,STEP Energy Services Ltd.
STGO.TO,Steppe Gold Ltd.
STLR.TO,STLLR Gold Inc.
SVI.TO,StorageVault Canada Inc.
SCR.TO,Strathcona Resources Ltd.
SMC.TO,Sulliden Mining Capital Inc.
SLF.TO,Sun Life Financial Inc.
SU.TO,Suncor Energy Inc.
SOY.TO,"SunOpta, Inc."
SPB.TO,Superior Plus Corp.
SXP.TO,Supremex Inc.
SGY.TO,Surge Energy Inc.
PWI.TO,Sustainable Power & Infrastructure Split Corp.
SWP.TO,Swiss Water Decaffeinated Coffee Inc.
SYZ.TO,Sylogist Ltd.
SXI.TO,Synex Renewable Energy Corporation
TBL.TO,Taiga Building Products Ltd.
TAIG.TO,Taiga Motors Corporation
TSK.TO,Talisker Resources Ltd.
TLO.TO,Talon Metals Corp.
TVE.TO,Tamarack Valley Energy Ltd.
GRID.TO,Tantalus Systems Holding Inc.
TKO.TO,Taseko Mines Limited
TRP.TO,TC Energy Corporation
TGED.TO,TD Active Global Enhanced Dividend ETF
TGGR.TO,TD Active Global Equity Growth ETF
TGFI.TO,TD Active Global Income ETF
TINF.TO,TD Active Global Infrastructure Equity ETF
TGRE.TO,TD Active Global Real Estate Equity ETF
TPRF.TO,TD Active Preferred Share ETF
TUEX.TO,TD Active U.S. Enhanced Dividend CAD Hedged ETF
TUED.TO,TD Active U.S. Enhanced Dividend ETF
TUHY.TO,TD Active U.S. High Yield Bond ETF
TBAL.TO,TD Balanced ETF Portfolio
TDB.TO,TD Canadian Aggregate Bond Index ETF
TBNK.TO,TD Canadian Bank Dividend Index ETF
TTP.TO,TD Canadian Equity Index ETF
TCLB.TO,TD Canadian Long Term Federal Bond ETF
TCSH.TO,TD Cash Management ETF
TCON.TO,TD Conservative ETF Portfolio
TCBN.TO,TD Global Carbon Credit Index ETF
TDOC.TO,TD Global Healthcare Leaders Index ETF
TECI.TO,TD Global Technology Innovators Index ETF
TECX.TO,TD Global Technology Leaders CAD Hedged Index ETF
TEC.TO,TD Global Technology Leaders Index ETF
TGRO.TO,TD Growth ETF Portfolio
TPAY.TO,TD Income Builder ETF
THE.TO,TD International Equity CAD Hedged Index ETF
TPE.TO,TD International Equity Index ETF
TMCC.TO,TD Morningstar ESG Canada Corporate Bond Index ETF
TMEC.TO,TD Morningstar ESG Canada Equity Index ETF
TMEI.TO,TD Morningstar ESG International Equity Index ETF
TMUC.TO,TD Morningstar ESG U.S. Corporate Bond Index ETF
TMEU.TO,TD Morningstar ESG U.S. Equity Index ETF
TQCD.TO,TD Q Canadian Dividend ETF
TCLV.TO,TD Q Canadian Low Volatility ETF
TQGD.TO,TD Q Global Dividend ETF
TQGM.TO,TD Q Global Multifactor ETF
TILV.TO,TD Q International Low Volatility ETF
TULV.TO,TD Q U.S. Low Volatility ETF
TQSM.TO,TD Q U.S. Small-Mid-Cap Equity ETF
TCSB.TO,TD Select Short Term Corporate Bond Ladder ETF
TUSB.TO,TD Select U.S. Short Term Corporate Bond Ladder ETF
THU.TO,TD U.S. Equity CAD Hedged Index ETF
TPU.TO,TD U.S. Equity Index ETF
TULB.TO,TD U.S. Long Term Treasury Bond ETF
XTD.TO,TDb Split Corp.
TCS.TO,TECSYS Inc.
TSAT.TO,Telesat Corporation
T.TO,TELUS Corporation
TIXT.TO,TELUS International (Cda) Inc.
TNZ.TO,Tenaz Energy Corp.
TGO.TO,TeraGo Inc.
TSND.TO,TerrAscend Corp.
TVK.TO,TerraVest Industries Inc.
TFII.TO,TFI International Inc.
TH.TO,Theratechnologies Inc.
THNC.TO,Thinkific Labs Inc.
TRI.TO,Thomson Reuters Corporation
TWM.TO,Tidewater Midstream and Infrastructure Ltd.
LCFS.TO,Tidewater Renewables Ltd.
TLRY.TO,"Tilray Brands, Inc."
TF.TO,Timbercreek Financial Corp.
TMD.TO,Titan Medical Inc.
TI.TO,Titan Mining Corporation
TTNM.TO,Titanium Transportation Group Inc.
X.TO,TMX Group Limited
TPZ.TO,Topaz Energy Corp.
TXG.TO,Torex Gold Resources Inc.
TIH.TO,Toromont Industries Ltd.
TD.TO,Toronto-Dominion Bank (The)
TOT.TO,Total Energy Services Inc.
TXP.TO,Touchstone Exploration Inc.
TOU.TO,Tourmaline Oil Corp.
TGAF.TO,Tralucent Global Alt (Long/Short) Equity Fund
TA.TO,TransAlta Corporation
TRZ.TO,Transat A.T. Inc.
TML.TO,Treasury Metals Inc.
TSL.TO,Tree Island Steel Ltd.
TCW.TO,Trican Well Service Ltd.
TCN.TO,Tricon Residential Inc.
TMQ.TO,Trilogy Metals Inc.
TFPM.TO,Triple Flag Precious Metals Corp.
TSU.TO,Trisura Group Ltd.
TLG.TO,Troilus Gold Corp.
TRX.TO,TRX Gold Corporation
TC.TO,Tucows Inc.
TWC.TO,TWC Enterprises Limited
UNI.TO,Unisync Corp.
UNC.TO,United Corporations Limited
URE.TO,Ur-Energy Inc.
URC.TO,Uranium Royalty Corp.
URB.TO,Urbana Corporation
FTU.TO,US Financial 15 Split Corp.
VPH.TO,Valeo Pharma Inc.
VLE.TO,Valeura Energy Inc.
VEQT.TO,Vanguard All-Equity ETF Portfolio
VBAL.TO,Vanguard Balanced ETF Portfolio
VAB.TO,Vanguard Canadian Aggregate Bond Index ETF
VCB.TO,Vanguard Canadian Corporate Bond Index ETF
VGV.TO,Vanguard Canadian Government Bond Index ETF
VLB.TO,Vanguard Canadian Long-Term Bond Index ETF
VSB.TO,Vanguard Canadian Short-Term Bond Index ETF
VSC.TO,Vanguard Canadian Short-Term Corporate Bond Index ETF
VCNS.TO,Vanguard Conservative ETF Portfolio
VCIP.TO,Vanguard Conservative Income ETF Portfolio
VCN.TO,Vanguard FTSE Canada All Cap Index ETF
VCE.TO,Vanguard FTSE Canada Index ETF
VRE.TO,Vanguard FTSE Canadian Capped REIT Index ETF
VDY.TO,Vanguard FTSE Canadian High Dividend Yield Index ETF
VIU.TO,Vanguard FTSE Developed All Cap ex North America Index ETF
VI.TO,Vanguard FTSE Developed All Cap ex North America Index ETF (CAD-Hedged)
VDU.TO,Vanguard FTSE Developed All Cap Ex U.S. Index ETF
VEF.TO,Vanguard FTSE Developed All Cap Ex U.S. Index ETF (CAD-hedged)
VA.TO,Vanguard FTSE Developed Asia Pacific All Cap Index ETF
VE.TO,Vanguard FTSE Developed Europe All Cap Index ETF
VIDY.TO,Vanguard FTSE Developed ex North America High Dividend Yield Index ETF
VEE.TO,Vanguard FTSE Emerging Markets All Cap Index ETF
VXC.TO,Vanguard FTSE Global All Cap ex Canada Index ETF
VVO.TO,Vanguard Global Minimum Volatility ETF
VMO.TO,Vanguard Global Momentum Factor ETF
VVL.TO,Vanguard Global Value Factor ETF
VGRO.TO,Vanguard Growth ETF Portfolio
VRIF.TO,Vanguard Retirement Income ETF Portfolio
VFV.TO,Vanguard S&P 500 Index ETF
VSP.TO,Vanguard S&P 500 Index ETF (CAD-hedged)
VGG.TO,Vanguard U.S. Dividend Appreciation Index ETF
VGH.TO,Vanguard U.S. Dividend Appreciation Index ETF (CAD-hedged)
VUN.TO,Vanguard U.S. Total Market Index ETF
VUS.TO,Vanguard U.S. Total Market Index ETF (CAD-hedged)
VCM.TO,Vecima Networks Inc.
VLN.TO,Velan Inc.
NPK.TO,Verde Agritech Ltd.
VET.TO,Vermilion Energy Inc.
VBNK.TO,VersaBank
FORA.TO,VerticalScope Holdings Inc.
VGCX.TO,Victoria Gold Corp.
VQS.TO,VIQ Solutions Inc.
VGZ.TO,Vista Gold Corp.
VHI.TO,Vitalhub Corp.
VOXR.TO,Vox Royalty Corp.
WJX.TO,Wajax Corporation
WFC.TO,Wall Financial Corporation
WM.TO,Wallbridge Mining Company Limited
WCN.TO,"Waste Connections, Inc."
WSRD.TO,Wealthsimple Developed Markets ex North America Socially Responsible Index ETF
WSRI.TO,Wealthsimple North America Socially Responsible Index ETF
WELL.TO,WELL Health Technologies Corp.
WDO.TO,Wesdome Gold Mines Ltd.
WFG.TO,West Fraser Timber Co. Ltd.
WRN.TO,Western Copper and Gold Corporation
WRG.TO,Western Energy Services Corp.
WEF.TO,Western Forest Products Inc.
WRX.TO,Western Resources Corp.
WPRT.TO,Westport Fuel Systems Inc.
WTE.TO,Westshore Terminals Investment Corporation
WPM.TO,Wheaton Precious Metals Corp.
WCP.TO,Whitecap Resources Inc.
WILD.TO,WildBrain Ltd.
WLLW.TO,Willow Biosciences Inc.
WPK.TO,Winpak Ltd.
WNDR.TO,WonderFi Technologies Inc.
WFS.TO,World Financial Split Corp.
WSP.TO,WSP Global Inc.
XAM.TO,Xanadu Mines Ltd.
XTG.TO,Xtra-Gold Resources Corp.
XTRA.TO,Xtract One Technologies Inc.
YGR.TO,Yangarra Resources Ltd.
Y.TO,Yellow Pages Limited
YRB.TO,Yorbeau Resources Inc.
